dataset,variable,statistic,value,n,note
MIMIC,age,availability,1.0,8196,pre-landmark descriptive
MIMIC,age,mean,72.5614934114202,8196,pre-landmark descriptive
MIMIC,age,sd,13.845051723029185,8196,pre-landmark descriptive
MIMIC,age,p1,34.0,8196,pre-landmark descriptive
MIMIC,age,p5,47.0,8196,pre-landmark descriptive
MIMIC,age,p25,64.0,8196,pre-landmark descriptive
MIMIC,age,median,74.0,8196,pre-landmark descriptive
MIMIC,age,p75,83.0,8196,pre-landmark descriptive
MIMIC,age,p95,91.0,8196,pre-landmark descriptive
MIMIC,age,p99,94.0,8196,pre-landmark descriptive
MIMIC,age,iqr,19.0,8196,pre-landmark descriptive
MIMIC,male_sex,availability,1.0,8196,pre-landmark descriptive
MIMIC,male_sex,mean,0.5368472425573451,8196,pre-landmark descriptive
MIMIC,male_sex,sd,0.49864043229156635,8196,pre-landmark descriptive
MIMIC,male_sex,p1,0.0,8196,pre-landmark descriptive
MIMIC,male_sex,p5,0.0,8196,pre-landmark descriptive
MIMIC,male_sex,p25,0.0,8196,pre-landmark descriptive
MIMIC,male_sex,median,1.0,8196,pre-landmark descriptive
MIMIC,male_sex,p75,1.0,8196,pre-landmark descriptive
MIMIC,male_sex,p95,1.0,8196,pre-landmark descriptive
MIMIC,male_sex,p99,1.0,8196,pre-landmark descriptive
MIMIC,male_sex,iqr,1.0,8196,pre-landmark descriptive
MIMIC,spo2_level,availability,0.9613225963884822,7879,pre-landmark descriptive
MIMIC,spo2_level,mean,96.40747556796548,7879,pre-landmark descriptive
MIMIC,spo2_level,sd,3.0848011578801464,7879,pre-landmark descriptive
MIMIC,spo2_level,p1,88.0,7879,pre-landmark descriptive
MIMIC,spo2_level,p5,91.0,7879,pre-landmark descriptive
MIMIC,spo2_level,p25,95.0,7879,pre-landmark descriptive
MIMIC,spo2_level,median,97.0,7879,pre-landmark descriptive
MIMIC,spo2_level,p75,99.0,7879,pre-landmark descriptive
MIMIC,spo2_level,p95,100.0,7879,pre-landmark descriptive
MIMIC,spo2_level,p99,100.0,7879,pre-landmark descriptive
MIMIC,spo2_level,iqr,4.0,7879,pre-landmark descriptive
MIMIC,spo2_min,availability,0.9613225963884822,7879,pre-landmark descriptive
MIMIC,spo2_min,mean,94.24952405127554,7879,pre-landmark descriptive
MIMIC,spo2_min,sd,4.115224469573692,7879,pre-landmark descriptive
MIMIC,spo2_min,p1,81.0,7879,pre-landmark descriptive
MIMIC,spo2_min,p5,87.0,7879,pre-landmark descriptive
MIMIC,spo2_min,p25,92.0,7879,pre-landmark descriptive
MIMIC,spo2_min,median,95.0,7879,pre-landmark descriptive
MIMIC,spo2_min,p75,97.0,7879,pre-landmark descriptive
MIMIC,spo2_min,p95,100.0,7879,pre-landmark descriptive
MIMIC,spo2_min,p99,100.0,7879,pre-landmark descriptive
MIMIC,spo2_min,iqr,5.0,7879,pre-landmark descriptive
MIMIC,spo2_mean,availability,0.9613225963884822,7879,pre-landmark descriptive
MIMIC,spo2_mean,mean,96.43173974042264,7879,pre-landmark descriptive
MIMIC,spo2_mean,sd,2.6007319891019045,7879,pre-landmark descriptive
MIMIC,spo2_mean,p1,88.96333333333334,7879,pre-landmark descriptive
MIMIC,spo2_mean,p5,91.8,7879,pre-landmark descriptive
MIMIC,spo2_mean,p25,95.0,7879,pre-landmark descriptive
MIMIC,spo2_mean,median,96.75,7879,pre-landmark descriptive
MIMIC,spo2_mean,p75,98.4,7879,pre-landmark descriptive
MIMIC,spo2_mean,p95,100.0,7879,pre-landmark descriptive
MIMIC,spo2_mean,p99,100.0,7879,pre-landmark descriptive
MIMIC,spo2_mean,iqr,3.4000000000000057,7879,pre-landmark descriptive
MIMIC,sbp_level,availability,0.9064177647632992,7429,pre-landmark descriptive
MIMIC,sbp_level,mean,126.75050477857047,7429,pre-landmark descriptive
MIMIC,sbp_level,sd,22.245516655140875,7429,pre-landmark descriptive
MIMIC,sbp_level,p1,86.0,7429,pre-landmark descriptive
MIMIC,sbp_level,p5,94.0,7429,pre-landmark descriptive
MIMIC,sbp_level,p25,110.0,7429,pre-landmark descriptive
MIMIC,sbp_level,median,125.0,7429,pre-landmark descriptive
MIMIC,sbp_level,p75,141.0,7429,pre-landmark descriptive
MIMIC,sbp_level,p95,166.0,7429,pre-landmark descriptive
MIMIC,sbp_level,p99,187.0,7429,pre-landmark descriptive
MIMIC,sbp_level,iqr,31.0,7429,pre-landmark descriptive
MIMIC,map_level,availability,0.9069058077110785,7433,pre-landmark descriptive
MIMIC,map_level,mean,84.12727028117853,7433,pre-landmark descriptive
MIMIC,map_level,sd,15.46632681702693,7433,pre-landmark descriptive
MIMIC,map_level,p1,56.0,7433,pre-landmark descriptive
MIMIC,map_level,p5,64.0,7433,pre-landmark descriptive
MIMIC,map_level,p25,73.0,7433,pre-landmark descriptive
MIMIC,map_level,median,82.0,7433,pre-landmark descriptive
MIMIC,map_level,p75,93.0,7433,pre-landmark descriptive
MIMIC,map_level,p95,112.0,7433,pre-landmark descriptive
MIMIC,map_level,p99,129.0,7433,pre-landmark descriptive
MIMIC,map_level,iqr,20.0,7433,pre-landmark descriptive
MIMIC,hr_level,availability,0.9637628111273792,7899,pre-landmark descriptive
MIMIC,hr_level,mean,84.20483605519686,7899,pre-landmark descriptive
MIMIC,hr_level,sd,19.15812981147923,7899,pre-landmark descriptive
MIMIC,hr_level,p1,47.0,7899,pre-landmark descriptive
MIMIC,hr_level,p5,58.0,7899,pre-landmark descriptive
MIMIC,hr_level,p25,70.0,7899,pre-landmark descriptive
MIMIC,hr_level,median,82.0,7899,pre-landmark descriptive
MIMIC,hr_level,p75,96.0,7899,pre-landmark descriptive
MIMIC,hr_level,p95,119.0,7899,pre-landmark descriptive
MIMIC,hr_level,p99,137.0,7899,pre-landmark descriptive
MIMIC,hr_level,iqr,26.0,7899,pre-landmark descriptive
MIMIC,resp_rate_level,availability,0.9627867252318204,7891,pre-landmark descriptive
MIMIC,resp_rate_level,mean,20.009567862121404,7891,pre-landmark descriptive
MIMIC,resp_rate_level,sd,5.404943217152001,7891,pre-landmark descriptive
MIMIC,resp_rate_level,p1,10.0,7891,pre-landmark descriptive
MIMIC,resp_rate_level,p5,12.0,7891,pre-landmark descriptive
MIMIC,resp_rate_level,p25,16.0,7891,pre-landmark descriptive
MIMIC,resp_rate_level,median,19.0,7891,pre-landmark descriptive
MIMIC,resp_rate_level,p75,23.0,7891,pre-landmark descriptive
MIMIC,resp_rate_level,p95,30.0,7891,pre-landmark descriptive
MIMIC,resp_rate_level,p99,36.0,7891,pre-landmark descriptive
MIMIC,resp_rate_level,iqr,7.0,7891,pre-landmark descriptive
MIMIC,baseline_lactate,availability,0.28233284529038555,2314,pre-landmark descriptive
MIMIC,baseline_lactate,mean,1.2762532411408816,2314,pre-landmark descriptive
MIMIC,baseline_lactate,sd,0.34836264472363676,2314,pre-landmark descriptive
MIMIC,baseline_lactate,p1,0.5,2314,pre-landmark descriptive
MIMIC,baseline_lactate,p5,0.7,2314,pre-landmark descriptive
MIMIC,baseline_lactate,p25,1.0,2314,pre-landmark descriptive
MIMIC,baseline_lactate,median,1.3,2314,pre-landmark descriptive
MIMIC,baseline_lactate,p75,1.5,2314,pre-landmark descriptive
MIMIC,baseline_lactate,p95,1.8,2314,pre-landmark descriptive
MIMIC,baseline_lactate,p99,1.9,2314,pre-landmark descriptive
MIMIC,baseline_lactate,iqr,0.5,2314,pre-landmark descriptive
MIMIC,baseline_creatinine,availability,0.5051244509516838,4140,pre-landmark descriptive
MIMIC,baseline_creatinine,mean,1.8805314009661835,4140,pre-landmark descriptive
MIMIC,baseline_creatinine,sd,1.992027032519725,4140,pre-landmark descriptive
MIMIC,baseline_creatinine,p1,0.4,4140,pre-landmark descriptive
MIMIC,baseline_creatinine,p5,0.6,4140,pre-landmark descriptive
MIMIC,baseline_creatinine,p25,0.9,4140,pre-landmark descriptive
MIMIC,baseline_creatinine,median,1.2,4140,pre-landmark descriptive
MIMIC,baseline_creatinine,p75,1.9,4140,pre-landmark descriptive
MIMIC,baseline_creatinine,p95,6.0,4140,pre-landmark descriptive
MIMIC,baseline_creatinine,p99,10.721999999999936,4140,pre-landmark descriptive
MIMIC,baseline_creatinine,iqr,0.9999999999999999,4140,pre-landmark descriptive
MIMIC,ventilation,availability,0.0,0,not harmonized in frozen validation frame
MIMIC,fio2,availability,0.0,0,not harmonized in frozen validation frame
MIMIC,oxygen_support,availability,0.0,0,not harmonized in frozen validation frame
eICU,age,availability,0.9367493995196157,8190,pre-landmark descriptive
eICU,age,mean,68.04774114774115,8190,pre-landmark descriptive
eICU,age,sd,13.577590229346592,8190,pre-landmark descriptive
eICU,age,p1,30.0,8190,pre-landmark descriptive
eICU,age,p5,43.0,8190,pre-landmark descriptive
eICU,age,p25,60.0,8190,pre-landmark descriptive
eICU,age,median,70.0,8190,pre-landmark descriptive
eICU,age,p75,79.0,8190,pre-landmark descriptive
eICU,age,p95,87.0,8190,pre-landmark descriptive
eICU,age,p99,89.0,8190,pre-landmark descriptive
eICU,age,iqr,19.0,8190,pre-landmark descriptive
eICU,male_sex,availability,0.9997712455678829,8741,pre-landmark descriptive
eICU,male_sex,mean,0.522823475574877,8741,pre-landmark descriptive
eICU,male_sex,sd,0.49947881733130883,8741,pre-landmark descriptive
eICU,male_sex,p1,0.0,8741,pre-landmark descriptive
eICU,male_sex,p5,0.0,8741,pre-landmark descriptive
eICU,male_sex,p25,0.0,8741,pre-landmark descriptive
eICU,male_sex,median,1.0,8741,pre-landmark descriptive
eICU,male_sex,p75,1.0,8741,pre-landmark descriptive
eICU,male_sex,p95,1.0,8741,pre-landmark descriptive
eICU,male_sex,p99,1.0,8741,pre-landmark descriptive
eICU,male_sex,iqr,1.0,8741,pre-landmark descriptive
eICU,spo2_level,availability,0.9575660528422738,8372,pre-landmark descriptive
eICU,spo2_level,mean,96.7007883420927,8372,pre-landmark descriptive
eICU,spo2_level,sd,3.337563554779995,8372,pre-landmark descriptive
eICU,spo2_level,p1,86.0,8372,pre-landmark descriptive
eICU,spo2_level,p5,91.0,8372,pre-landmark descriptive
eICU,spo2_level,p25,95.0,8372,pre-landmark descriptive
eICU,spo2_level,median,97.0,8372,pre-landmark descriptive
eICU,spo2_level,p75,99.0,8372,pre-landmark descriptive
eICU,spo2_level,p95,100.0,8372,pre-landmark descriptive
eICU,spo2_level,p99,100.0,8372,pre-landmark descriptive
eICU,spo2_level,iqr,4.0,8372,pre-landmark descriptive
eICU,spo2_min,availability,0.9575660528422738,8372,pre-landmark descriptive
eICU,spo2_min,mean,91.18609651218347,8372,pre-landmark descriptive
eICU,spo2_min,sd,7.297202973847001,8372,pre-landmark descriptive
eICU,spo2_min,p1,61.0,8372,pre-landmark descriptive
eICU,spo2_min,p5,78.0,8372,pre-landmark descriptive
eICU,spo2_min,p25,89.0,8372,pre-landmark descriptive
eICU,spo2_min,median,93.0,8372,pre-landmark descriptive
eICU,spo2_min,p75,96.0,8372,pre-landmark descriptive
eICU,spo2_min,p95,99.0,8372,pre-landmark descriptive
eICU,spo2_min,p99,100.0,8372,pre-landmark descriptive
eICU,spo2_min,iqr,7.0,8372,pre-landmark descriptive
eICU,spo2_mean,availability,0.9575660528422738,8372,pre-landmark descriptive
eICU,spo2_mean,mean,96.6092978200345,8372,pre-landmark descriptive
eICU,spo2_mean,sd,2.8374591813199075,8372,pre-landmark descriptive
eICU,spo2_mean,p1,88.24197427016328,8372,pre-landmark descriptive
eICU,spo2_mean,p5,91.9123062015504,8372,pre-landmark descriptive
eICU,spo2_mean,p25,95.16241560390098,8372,pre-landmark descriptive
eICU,spo2_mean,median,97.04255319148936,8372,pre-landmark descriptive
eICU,spo2_mean,p75,98.70212765957447,8372,pre-landmark descriptive
eICU,spo2_mean,p95,99.95744680851064,8372,pre-landmark descriptive
eICU,spo2_mean,p99,100.0,8372,pre-landmark descriptive
eICU,spo2_mean,iqr,3.5397120556734905,8372,pre-landmark descriptive
eICU,sbp_level,availability,0.9548209996568684,8348,pre-landmark descriptive
eICU,sbp_level,mean,127.74466938188787,8348,pre-landmark descriptive
eICU,sbp_level,sd,24.210860987262492,8348,pre-landmark descriptive
eICU,sbp_level,p1,85.235,8348,pre-landmark descriptive
eICU,sbp_level,p5,94.0,8348,pre-landmark descriptive
eICU,sbp_level,p25,109.5,8348,pre-landmark descriptive
eICU,sbp_level,median,124.5,8348,pre-landmark descriptive
eICU,sbp_level,p75,143.0,8348,pre-landmark descriptive
eICU,sbp_level,p95,171.5,8348,pre-landmark descriptive
eICU,sbp_level,p99,193.0,8348,pre-landmark descriptive
eICU,sbp_level,iqr,33.5,8348,pre-landmark descriptive
eICU,map_level,availability,0.9518471920393458,8322,pre-landmark descriptive
eICU,map_level,mean,86.99603460706561,8322,pre-landmark descriptive
eICU,map_level,sd,16.621931801566074,8322,pre-landmark descriptive
eICU,map_level,p1,58.0,8322,pre-landmark descriptive
eICU,map_level,p5,65.0,8322,pre-landmark descriptive
eICU,map_level,p25,75.0,8322,pre-landmark descriptive
eICU,map_level,median,84.25,8322,pre-landmark descriptive
eICU,map_level,p75,96.5,8322,pre-landmark descriptive
eICU,map_level,p95,118.0,8322,pre-landmark descriptive
eICU,map_level,p99,135.0,8322,pre-landmark descriptive
eICU,map_level,iqr,21.5,8322,pre-landmark descriptive
eICU,hr_level,availability,0.9704906782568913,8485,pre-landmark descriptive
eICU,hr_level,mean,84.99734826163818,8485,pre-landmark descriptive
eICU,hr_level,sd,18.48497993629539,8485,pre-landmark descriptive
eICU,hr_level,p1,49.42,8485,pre-landmark descriptive
eICU,hr_level,p5,59.0,8485,pre-landmark descriptive
eICU,hr_level,p25,71.5,8485,pre-landmark descriptive
eICU,hr_level,median,83.0,8485,pre-landmark descriptive
eICU,hr_level,p75,96.5,8485,pre-landmark descriptive
eICU,hr_level,p95,118.0,8485,pre-landmark descriptive
eICU,hr_level,p99,135.0,8485,pre-landmark descriptive
eICU,hr_level,iqr,25.0,8485,pre-landmark descriptive
eICU,resp_rate_level,availability,0.8563422166304472,7487,pre-landmark descriptive
eICU,resp_rate_level,mean,21.23620942967811,7487,pre-landmark descriptive
eICU,resp_rate_level,sd,6.466323912991417,7487,pre-landmark descriptive
eICU,resp_rate_level,p1,10.0,7487,pre-landmark descriptive
eICU,resp_rate_level,p5,13.0,7487,pre-landmark descriptive
eICU,resp_rate_level,p25,17.0,7487,pre-landmark descriptive
eICU,resp_rate_level,median,20.0,7487,pre-landmark descriptive
eICU,resp_rate_level,p75,24.0,7487,pre-landmark descriptive
eICU,resp_rate_level,p95,32.5,7487,pre-landmark descriptive
eICU,resp_rate_level,p99,41.0,7487,pre-landmark descriptive
eICU,resp_rate_level,iqr,7.0,7487,pre-landmark descriptive
eICU,baseline_lactate,availability,0.12581493766441726,1100,pre-landmark descriptive
eICU,baseline_lactate,mean,2.0407454545454544,1100,pre-landmark descriptive
eICU,baseline_lactate,sd,1.6404816334698984,1100,pre-landmark descriptive
eICU,baseline_lactate,p1,0.4,1100,pre-landmark descriptive
eICU,baseline_lactate,p5,0.6,1100,pre-landmark descriptive
eICU,baseline_lactate,p25,1.1,1100,pre-landmark descriptive
eICU,baseline_lactate,median,1.6,1100,pre-landmark descriptive
eICU,baseline_lactate,p75,2.4,1100,pre-landmark descriptive
eICU,baseline_lactate,p95,5.003499999999997,1100,pre-landmark descriptive
eICU,baseline_lactate,p99,9.8,1100,pre-landmark descriptive
eICU,baseline_lactate,iqr,1.2999999999999998,1100,pre-landmark descriptive
eICU,baseline_creatinine,availability,0.2827404780967631,2472,pre-landmark descriptive
eICU,baseline_creatinine,mean,2.0804648058252426,2472,pre-landmark descriptive
eICU,baseline_creatinine,sd,2.1679646050377865,2472,pre-landmark descriptive
eICU,baseline_creatinine,p1,0.48,2472,pre-landmark descriptive
eICU,baseline_creatinine,p5,0.66,2472,pre-landmark descriptive
eICU,baseline_creatinine,p25,0.98,2472,pre-landmark descriptive
eICU,baseline_creatinine,median,1.39,2472,pre-landmark descriptive
eICU,baseline_creatinine,p75,2.2,2472,pre-landmark descriptive
eICU,baseline_creatinine,p95,6.268999999999997,2472,pre-landmark descriptive
eICU,baseline_creatinine,p99,11.220299999999996,2472,pre-landmark descriptive
eICU,baseline_creatinine,iqr,1.2200000000000002,2472,pre-landmark descriptive
eICU,ventilation,availability,0.0,0,not harmonized in frozen validation frame
eICU,fio2,availability,0.0,0,not harmonized in frozen validation frame
eICU,oxygen_support,availability,0.0,0,not harmonized in frozen validation frame
