dataset,stratum,scale,statistic,value,n
MIMIC,all_valid,raw,mean,0.8980059256257117,5957
MIMIC,all_valid,raw,sd,0.9535740961692932,5957
MIMIC,all_valid,raw,p1,1.160311428702309e-14,5957
MIMIC,all_valid,raw,p5,3.014577520672848e-14,5957
MIMIC,all_valid,raw,p25,0.27386127875258176,5957
MIMIC,all_valid,raw,median,0.670820393249939,5957
MIMIC,all_valid,raw,p75,1.2041594578792278,5957
MIMIC,all_valid,raw,p95,2.5396850198400585,5957
MIMIC,all_valid,raw,p99,4.300141942983509,5957
MIMIC,all_valid,raw,iqr,0.930298179126646,5957
MIMIC,all_valid,raw,skewness,3.669656709124363,5957
MIMIC,all_valid,mimic_standardized,mean,1.729539981286126e-17,5957
MIMIC,all_valid,mimic_standardized,sd,1.0,5957
MIMIC,all_valid,mimic_standardized,p1,-1.0667576975042663,5957
MIMIC,all_valid,mimic_standardized,p5,-1.0667576975042439,5957
MIMIC,all_valid,mimic_standardized,p25,-0.733876605765136,5957
MIMIC,all_valid,mimic_standardized,median,-0.25136887772277333,5957
MIMIC,all_valid,mimic_standardized,p75,0.3969100279684831,5957
MIMIC,all_valid,mimic_standardized,p95,2.020254551648667,5957
MIMIC,all_valid,mimic_standardized,p99,4.156843033858812,5957
MIMIC,all_valid,mimic_standardized,iqr,1.1307866337336192,5957
MIMIC,all_valid,mimic_standardized,skewness,1.6975848780585772,5957
MIMIC,all_valid,raw,fraction_clipped_low,0.006219063332910267,7879
MIMIC,all_valid,raw,fraction_clipped_high,0.007615179591318695,7879
MIMIC,bins_3,raw,mean,0.736526634533128,2794
MIMIC,bins_3,raw,sd,0.8644383521201315,2794
MIMIC,bins_3,raw,p1,1.136522114259803e-14,2794
MIMIC,bins_3,raw,p5,2.2118062788033346e-14,2794
MIMIC,bins_3,raw,p25,0.23570226039551248,2794
MIMIC,bins_3,raw,median,0.4714045207910317,2794
MIMIC,bins_3,raw,p75,0.9428090415820634,2794
MIMIC,bins_3,raw,p95,2.1213203435596424,2794
MIMIC,bins_3,raw,p99,3.771236166328254,2794
MIMIC,bins_3,raw,iqr,0.7071067811865509,2794
MIMIC,bins_4,raw,mean,1.0407392633110215,3162
MIMIC,bins_4,raw,sd,1.0046693982821304,3162
MIMIC,bins_4,raw,p1,2.517674473401287e-14,3162
MIMIC,bins_4,raw,p5,3.014577520672848e-14,3162
MIMIC,bins_4,raw,p25,0.4183300132670378,3162
MIMIC,bins_4,raw,median,0.8215838362577492,3162
MIMIC,bins_4,raw,p75,1.369306393762914,3162
MIMIC,bins_4,raw,p95,2.7004627345486467,3162
MIMIC,bins_4,raw,p99,4.486290405034034,3162
MIMIC,bins_4,raw,iqr,0.9509763804958762,3162
MIMIC,bins_5,raw,mean,0.7483314773547867,1
MIMIC,bins_5,raw,sd,0.0,1
MIMIC,bins_5,raw,p1,0.7483314773547867,1
MIMIC,bins_5,raw,p5,0.7483314773547867,1
MIMIC,bins_5,raw,p25,0.7483314773547867,1
MIMIC,bins_5,raw,median,0.7483314773547867,1
MIMIC,bins_5,raw,p75,0.7483314773547867,1
MIMIC,bins_5,raw,p95,0.7483314773547867,1
MIMIC,bins_5,raw,p99,0.7483314773547867,1
MIMIC,bins_5,raw,iqr,0.0,1
eICU,all_valid,raw,mean,0.7264334966491138,8061
eICU,all_valid,raw,sd,0.8666190432345859,8061
eICU,all_valid,raw,p1,1.4210854715202004e-14,8061
eICU,all_valid,raw,p5,2.958225308398898e-14,8061
eICU,all_valid,raw,p25,0.27386127875258176,8061
eICU,all_valid,raw,median,0.5,8061
eICU,all_valid,raw,p75,0.9273618495495725,8061
eICU,all_valid,raw,p95,2.110687091920543,8061
eICU,all_valid,raw,p99,4.155417349776138,8061
eICU,all_valid,raw,iqr,0.6535005707969908,8061
eICU,all_valid,raw,skewness,4.479731831697508,8061
eICU,all_valid,mimic_standardized,mean,-0.20618349970429395,8061
eICU,all_valid,mimic_standardized,sd,0.8951013453810455,8061
eICU,all_valid,mimic_standardized,p1,-1.0667576975042632,8061
eICU,all_valid,mimic_standardized,p5,-1.0667576975042445,8061
eICU,all_valid,mimic_standardized,p25,-0.733876605765136,8061
eICU,all_valid,mimic_standardized,median,-0.4590027544626907,8061
eICU,all_valid,mimic_standardized,p75,0.06045979859960712,8061
eICU,all_valid,mimic_standardized,p95,1.498803329153297,8061
eICU,all_valid,mimic_standardized,p99,3.9841931719501815,8061
eICU,all_valid,mimic_standardized,iqr,0.7943364043647432,8061
eICU,all_valid,mimic_standardized,skewness,2.2852987735883956,8061
eICU,all_valid,raw,fraction_clipped_low,0.008480649784997612,8372
eICU,all_valid,raw,fraction_clipped_high,0.009316770186335404,8372
eICU,bins_3,raw,mean,0.5828152709115392,489
eICU,bins_3,raw,sd,0.9867263899077172,489
eICU,bins_3,raw,p1,1.4210854715202004e-14,489
eICU,bins_3,raw,p5,2.4613922385709617e-14,489
eICU,bins_3,raw,p25,0.11785113019775792,489
eICU,bins_3,raw,median,0.308606699924186,489
eICU,bins_3,raw,p75,0.7071067811865442,489
eICU,bins_3,raw,p95,2.237258287082679,489
eICU,bins_3,raw,p99,4.589015863653815,489
eICU,bins_3,raw,iqr,0.5892556509887863,489
eICU,bins_4,raw,mean,0.7004982914024799,5392
eICU,bins_4,raw,sd,0.8320904614541436,5392
eICU,bins_4,raw,p1,1.0048591735576161e-14,5392
eICU,bins_4,raw,p5,3.014577520672848e-14,5392
eICU,bins_4,raw,p25,0.27386127875258176,5392
eICU,bins_4,raw,median,0.5,5392
eICU,bins_4,raw,p75,0.8944271909999126,5392
eICU,bins_4,raw,p95,2.0375870574233867,5392
eICU,bins_4,raw,p99,3.976603562238451,5392
eICU,bins_4,raw,iqr,0.6205659122473308,5392
eICU,bins_5,raw,mean,0.8227967714544002,2180
eICU,bins_5,raw,sd,0.911369805526549,2180
eICU,bins_5,raw,p1,2.0097183471152322e-14,2180
eICU,bins_5,raw,p5,2.4613922385709617e-14,2180
eICU,bins_5,raw,p25,0.282842712474621,2180
eICU,bins_5,raw,median,0.5830951894845304,2180
eICU,bins_5,raw,p75,1.0559356040971437,2180
eICU,bins_5,raw,p95,2.26290730674335,2180
eICU,bins_5,raw,p99,4.401964134299315,2180
eICU,bins_5,raw,iqr,0.7730928916225227,2180
eICU,hospital:102,mimic_standardized,mean_exposure,0.004160685455835603,2
eICU,hospital:102,mimic_standardized,median_exposure,0.004160685455835603,2
eICU,hospital:102,mimic_standardized,sd_exposure,0.24693386841805742,2
eICU,hospital:108,mimic_standardized,mean_exposure,-0.10153197320010925,17
eICU,hospital:108,mimic_standardized,median_exposure,-0.40099551402598826,17
eICU,hospital:108,mimic_standardized,sd_exposure,0.7325686809626468,17
eICU,hospital:110,mimic_standardized,mean_exposure,-0.14364559669441532,156
eICU,hospital:110,mimic_standardized,median_exposure,-0.40099551402598826,156
eICU,hospital:110,mimic_standardized,sd_exposure,0.9896174712640152,156
eICU,hospital:112,mimic_standardized,mean_exposure,-0.22283592190012244,40
eICU,hospital:112,mimic_standardized,median_exposure,-0.4778178896881996,40
eICU,hospital:112,mimic_standardized,sd_exposure,0.8418128952062647,40
eICU,hospital:115,mimic_standardized,mean_exposure,-0.6160658051372156,2
eICU,hospital:115,mimic_standardized,median_exposure,-0.6160658051372156,2
eICU,hospital:115,mimic_standardized,sd_exposure,0.16660963204203763,2
eICU,hospital:120,mimic_standardized,mean_exposure,-0.40213653309043895,6
eICU,hospital:120,mimic_standardized,median_exposure,-0.3882349178575658,6
eICU,hospital:120,mimic_standardized,sd_exposure,0.3169263829612364,6
eICU,hospital:122,mimic_standardized,mean_exposure,-0.32820189613806233,258
eICU,hospital:122,mimic_standardized,median_exposure,-0.5582734307328915,258
eICU,hospital:122,mimic_standardized,sd_exposure,0.8744823173096071,258
eICU,hospital:125,mimic_standardized,mean_exposure,0.15581341156129336,19
eICU,hospital:125,mimic_standardized,median_exposure,-0.5582734307328884,19
eICU,hospital:125,mimic_standardized,sd_exposure,1.5778038981566311,19
eICU,hospital:131,mimic_standardized,mean_exposure,-0.3148861150748333,11
eICU,hospital:131,mimic_standardized,median_exposure,-0.49376084213848176,11
eICU,hospital:131,mimic_standardized,sd_exposure,0.5697470391881737,11
eICU,hospital:133,mimic_standardized,mean_exposure,-0.3564773644366986,32
eICU,hospital:133,mimic_standardized,median_exposure,-0.7142309642464415,32
eICU,hospital:133,mimic_standardized,sd_exposure,0.7678216372910073,32
eICU,hospital:138,mimic_standardized,mean_exposure,-0.13183792713786202,16
eICU,hospital:138,mimic_standardized,median_exposure,-0.24296192293959343,16
eICU,hospital:138,mimic_standardized,sd_exposure,0.571090312369837,16
eICU,hospital:140,mimic_standardized,mean_exposure,0.006440954806693824,47
eICU,hospital:140,mimic_standardized,median_exposure,-0.2801903649918381,47
eICU,hospital:140,mimic_standardized,sd_exposure,1.1143385243252875,47
eICU,hospital:141,mimic_standardized,mean_exposure,-0.3001776028568196,123
eICU,hospital:141,mimic_standardized,median_exposure,-0.5300030652770762,123
eICU,hospital:141,mimic_standardized,sd_exposure,0.9575474317718967,123
eICU,hospital:142,mimic_standardized,mean_exposure,-0.27944300139451805,65
eICU,hospital:142,mimic_standardized,median_exposure,-0.733876605765136,65
eICU,hospital:142,mimic_standardized,sd_exposure,1.2371067204152377,65
eICU,hospital:143,mimic_standardized,mean_exposure,-0.08510721901662603,59
eICU,hospital:143,mimic_standardized,median_exposure,-0.40099551402598665,59
eICU,hospital:143,mimic_standardized,sd_exposure,1.0490648918449688,59
eICU,hospital:144,mimic_standardized,mean_exposure,-0.25357991279131775,77
eICU,hospital:144,mimic_standardized,median_exposure,-0.5582734307328884,77
eICU,hospital:144,mimic_standardized,sd_exposure,0.8843202984126017,77
eICU,hospital:146,mimic_standardized,mean_exposure,-0.4705867375020694,21
eICU,hospital:146,mimic_standardized,median_exposure,-0.5582734307328915,21
eICU,hospital:146,mimic_standardized,sd_exposure,0.4891098049655735,21
eICU,hospital:148,mimic_standardized,mean_exposure,-0.27375682064978796,72
eICU,hospital:148,mimic_standardized,median_exposure,-0.47781788968819927,72
eICU,hospital:148,mimic_standardized,sd_exposure,0.7387123052776533,72
eICU,hospital:152,mimic_standardized,mean_exposure,-0.34802516454286647,24
eICU,hospital:152,mimic_standardized,median_exposure,-0.4091371848671606,24
eICU,hospital:152,mimic_standardized,sd_exposure,0.49910444318316416,24
eICU,hospital:154,mimic_standardized,mean_exposure,-0.22194200615824558,45
eICU,hospital:154,mimic_standardized,median_exposure,-0.4590027544626907,45
eICU,hospital:154,mimic_standardized,sd_exposure,0.8103181762449321,45
eICU,hospital:155,mimic_standardized,mean_exposure,-0.4914969159899196,8
eICU,hospital:155,mimic_standardized,median_exposure,-0.3907078512069502,8
eICU,hospital:155,mimic_standardized,sd_exposure,0.3900053621364571,8
eICU,hospital:156,mimic_standardized,mean_exposure,0.5640199420587261,1
eICU,hospital:156,mimic_standardized,median_exposure,0.5640199420587261,1
eICU,hospital:156,mimic_standardized,sd_exposure,,1
eICU,hospital:157,mimic_standardized,mean_exposure,-0.31751827969828283,26
eICU,hospital:157,mimic_standardized,median_exposure,-0.41880973742571126,26
eICU,hospital:157,mimic_standardized,sd_exposure,0.7710359945958589,26
eICU,hospital:158,mimic_standardized,mean_exposure,-0.24718305615426298,2
eICU,hospital:158,mimic_standardized,median_exposure,-0.24718305615426298,2
eICU,hospital:158,mimic_standardized,sd_exposure,0.2995582901255558,2
eICU,hospital:164,mimic_standardized,mean_exposure,-0.42679149094034513,6
eICU,hospital:164,mimic_standardized,median_exposure,-0.3439964192741024,6
eICU,hospital:164,mimic_standardized,sd_exposure,0.4916538984575422,6
eICU,hospital:165,mimic_standardized,mean_exposure,-0.27705902405234584,21
eICU,hospital:165,mimic_standardized,median_exposure,-0.5582734307328884,21
eICU,hospital:165,mimic_standardized,sd_exposure,0.8530600729379703,21
eICU,hospital:167,mimic_standardized,mean_exposure,-0.11722691630551059,62
eICU,hospital:167,mimic_standardized,median_exposure,-0.39007849254565363,62
eICU,hospital:167,mimic_standardized,sd_exposure,0.8105839689745468,62
eICU,hospital:171,mimic_standardized,mean_exposure,-0.06106369893769351,49
eICU,hospital:171,mimic_standardized,median_exposure,-0.23455496815641513,49
eICU,hospital:171,mimic_standardized,sd_exposure,0.8811700477161037,49
eICU,hospital:174,mimic_standardized,mean_exposure,0.2807136993838195,6
eICU,hospital:174,mimic_standardized,median_exposure,0.06294694044248106,6
eICU,hospital:174,mimic_standardized,sd_exposure,1.322646273328426,6
eICU,hospital:175,mimic_standardized,mean_exposure,0.18076141322581463,16
eICU,hospital:175,mimic_standardized,median_exposure,-0.21090840256498772,16
eICU,hospital:175,mimic_standardized,sd_exposure,1.3499557434383724,16
eICU,hospital:176,mimic_standardized,mean_exposure,-0.24798190219546967,77
eICU,hospital:176,mimic_standardized,median_exposure,-0.4937608421384736,77
eICU,hospital:176,mimic_standardized,sd_exposure,0.9170333373944914,77
eICU,hospital:179,mimic_standardized,mean_exposure,-0.9003171516347059,1
eICU,hospital:179,mimic_standardized,median_exposure,-0.9003171516347059,1
eICU,hospital:179,mimic_standardized,sd_exposure,,1
eICU,hospital:180,mimic_standardized,mean_exposure,-0.41126301724557934,27
eICU,hospital:180,mimic_standardized,median_exposure,-0.6059046941451784,27
eICU,hospital:180,mimic_standardized,sd_exposure,0.7513889059840322,27
eICU,hospital:181,mimic_standardized,mean_exposure,-0.3156475408420841,35
eICU,hospital:181,mimic_standardized,median_exposure,-0.5582734307328884,35
eICU,hospital:181,mimic_standardized,sd_exposure,0.7019130945838935,35
eICU,hospital:182,mimic_standardized,mean_exposure,-0.4686576980120375,27
eICU,hospital:182,mimic_standardized,median_exposure,-0.49825500450929305,27
eICU,hospital:182,mimic_standardized,sd_exposure,0.49641173184995047,27
eICU,hospital:183,mimic_standardized,mean_exposure,-0.40422400598431757,64
eICU,hospital:183,mimic_standardized,median_exposure,-0.5582734307328915,64
eICU,hospital:183,mimic_standardized,sd_exposure,0.5937563209741938,64
eICU,hospital:184,mimic_standardized,mean_exposure,0.0018200760494628638,49
eICU,hospital:184,mimic_standardized,median_exposure,-0.23455496815641513,49
eICU,hospital:184,mimic_standardized,sd_exposure,0.9772084738360686,49
eICU,hospital:188,mimic_standardized,mean_exposure,-0.16394773304815646,140
eICU,hospital:188,mimic_standardized,median_exposure,-0.3791614710653171,140
eICU,hospital:188,mimic_standardized,sd_exposure,0.9815894098482121,140
eICU,hospital:194,mimic_standardized,mean_exposure,-0.46972908988056084,27
eICU,hospital:194,mimic_standardized,median_exposure,-0.7338766057651328,27
eICU,hospital:194,mimic_standardized,sd_exposure,0.7289127505930053,27
eICU,hospital:195,mimic_standardized,mean_exposure,-0.17165891231426225,56
eICU,hospital:195,mimic_standardized,median_exposure,-0.44781335764405983,56
eICU,hospital:195,mimic_standardized,sd_exposure,0.9656276408334713,56
eICU,hospital:196,mimic_standardized,mean_exposure,0.009631689335081774,30
eICU,hospital:196,mimic_standardized,median_exposure,-0.40448127596369277,30
eICU,hospital:196,mimic_standardized,sd_exposure,1.1139938726076235,30
eICU,hospital:197,mimic_standardized,mean_exposure,-0.23689403026918993,92
eICU,hospital:197,mimic_standardized,median_exposure,-0.42249485680934684,92
eICU,hospital:197,mimic_standardized,sd_exposure,0.7466431538237315,92
eICU,hospital:198,mimic_standardized,mean_exposure,-0.630747027445401,17
eICU,hospital:198,mimic_standardized,median_exposure,-0.6059046941451786,17
eICU,hospital:198,mimic_standardized,sd_exposure,0.34831573738370525,17
eICU,hospital:199,mimic_standardized,mean_exposure,-0.3340882731706085,67
eICU,hospital:199,mimic_standardized,median_exposure,-0.49663302491370775,67
eICU,hospital:199,mimic_standardized,sd_exposure,0.6155150903698392,67
eICU,hospital:200,mimic_standardized,mean_exposure,-0.09026998116277056,24
eICU,hospital:200,mimic_standardized,median_exposure,-0.27544137545918024,24
eICU,hospital:200,mimic_standardized,sd_exposure,0.8287922051228843,24
eICU,hospital:201,mimic_standardized,mean_exposure,0.967346977109871,4
eICU,hospital:201,mimic_standardized,median_exposure,1.4744862553016689,4
eICU,hospital:201,mimic_standardized,sd_exposure,1.418497787538024,4
eICU,hospital:202,mimic_standardized,mean_exposure,-0.2836712981411765,15
eICU,hospital:202,mimic_standardized,median_exposure,-0.4079670379014045,15
eICU,hospital:202,mimic_standardized,sd_exposure,0.7017791202860756,15
eICU,hospital:203,mimic_standardized,mean_exposure,1.5525885501216121,1
eICU,hospital:203,mimic_standardized,median_exposure,1.5525885501216121,1
eICU,hospital:203,mimic_standardized,sd_exposure,,1
eICU,hospital:204,mimic_standardized,mean_exposure,-0.22543465695722875,7
eICU,hospital:204,mimic_standardized,median_exposure,-0.22462774558494683,7
eICU,hospital:204,mimic_standardized,sd_exposure,0.5809792754778234,7
eICU,hospital:205,mimic_standardized,mean_exposure,0.031935516766784446,6
eICU,hospital:205,mimic_standardized,median_exposure,-0.19711738638368936,6
eICU,hospital:205,mimic_standardized,sd_exposure,1.0311280671101586,6
eICU,hospital:206,mimic_standardized,mean_exposure,-0.018272849616803373,7
eICU,hospital:206,mimic_standardized,median_exposure,-0.2801903649918381,7
eICU,hospital:206,mimic_standardized,sd_exposure,1.0823681345095342,7
eICU,hospital:207,mimic_standardized,mean_exposure,-0.29594742368400734,19
eICU,hospital:207,mimic_standardized,median_exposure,-0.6456927215446154,19
eICU,hospital:207,mimic_standardized,sd_exposure,0.9143804036057162,19
eICU,hospital:208,mimic_standardized,mean_exposure,-0.13517970829148904,124
eICU,hospital:208,mimic_standardized,median_exposure,-0.40099551402598743,124
eICU,hospital:208,mimic_standardized,sd_exposure,1.0251006684388397,124
eICU,hospital:209,mimic_standardized,mean_exposure,-0.27935507541891286,8
eICU,hospital:209,mimic_standardized,median_exposure,-0.49073811778236764,8
eICU,hospital:209,mimic_standardized,sd_exposure,0.8041983065800912,8
eICU,hospital:210,mimic_standardized,mean_exposure,-0.3512620514945205,36
eICU,hospital:210,mimic_standardized,median_exposure,-0.5739949014832872,36
eICU,hospital:210,mimic_standardized,sd_exposure,0.8288972612625528,36
eICU,hospital:215,mimic_standardized,mean_exposure,-0.1647113936710358,35
eICU,hospital:215,mimic_standardized,median_exposure,-0.3040312973471892,35
eICU,hospital:215,mimic_standardized,sd_exposure,0.7154342326241068,35
eICU,hospital:217,mimic_standardized,mean_exposure,-0.49122727104961617,44
eICU,hospital:217,mimic_standardized,median_exposure,-0.7338766057651351,44
eICU,hospital:217,mimic_standardized,sd_exposure,0.7964224287519872,44
eICU,hospital:220,mimic_standardized,mean_exposure,-0.1795478016090393,15
eICU,hospital:220,mimic_standardized,median_exposure,-0.1450516907860765,15
eICU,hospital:220,mimic_standardized,sd_exposure,0.7984169940495114,15
eICU,hospital:224,mimic_standardized,mean_exposure,-0.09383946223850036,46
eICU,hospital:224,mimic_standardized,median_exposure,-0.3224129479512061,46
eICU,hospital:224,mimic_standardized,sd_exposure,0.854996245054984,46
eICU,hospital:226,mimic_standardized,mean_exposure,-0.2789456870597015,40
eICU,hospital:226,mimic_standardized,median_exposure,-0.5407192908580795,40
eICU,hospital:226,mimic_standardized,sd_exposure,0.7461381313989214,40
eICU,hospital:227,mimic_standardized,mean_exposure,-0.31919430708228347,79
eICU,hospital:227,mimic_standardized,median_exposure,-0.3845544659103011,79
eICU,hospital:227,mimic_standardized,sd_exposure,0.524490151946869,79
eICU,hospital:243,mimic_standardized,mean_exposure,-0.3399689254629244,315
eICU,hospital:243,mimic_standardized,median_exposure,-0.5231651509832813,315
eICU,hospital:243,mimic_standardized,sd_exposure,0.6512395352566479,315
eICU,hospital:244,mimic_standardized,mean_exposure,-0.14108190924852157,67
eICU,hospital:244,mimic_standardized,median_exposure,-0.40099551402598665,67
eICU,hospital:244,mimic_standardized,sd_exposure,0.8658340316161262,67
eICU,hospital:245,mimic_standardized,mean_exposure,-0.271362939245363,44
eICU,hospital:245,mimic_standardized,median_exposure,-0.32866839135955295,44
eICU,hospital:245,mimic_standardized,sd_exposure,0.5913605363090585,44
eICU,hospital:246,mimic_standardized,mean_exposure,-0.3224129479512096,1
eICU,hospital:246,mimic_standardized,median_exposure,-0.3224129479512096,1
eICU,hospital:246,mimic_standardized,sd_exposure,,1
eICU,hospital:248,mimic_standardized,mean_exposure,-0.2855006992281965,43
eICU,hospital:248,mimic_standardized,median_exposure,-0.5674360598955597,43
eICU,hospital:248,mimic_standardized,sd_exposure,1.0361357217518077,43
eICU,hospital:249,mimic_standardized,mean_exposure,-0.44366256775825175,20
eICU,hospital:249,mimic_standardized,median_exposure,-0.6310106913116504,20
eICU,hospital:249,mimic_standardized,sd_exposure,0.6037741307614977,20
eICU,hospital:250,mimic_standardized,mean_exposure,0.041095350990065546,16
eICU,hospital:250,mimic_standardized,median_exposure,-0.15769103916845265,16
eICU,hospital:250,mimic_standardized,sd_exposure,0.9238891796159644,16
eICU,hospital:251,mimic_standardized,mean_exposure,-0.32143666297613305,12
eICU,hospital:251,mimic_standardized,median_exposure,-0.40310286631485814,12
eICU,hospital:251,mimic_standardized,sd_exposure,0.6290134051101776,12
eICU,hospital:252,mimic_standardized,mean_exposure,-0.2751009790805894,79
eICU,hospital:252,mimic_standardized,median_exposure,-0.5582734307328853,79
eICU,hospital:252,mimic_standardized,sd_exposure,0.8468678123238977,79
eICU,hospital:253,mimic_standardized,mean_exposure,-0.1807315552776371,11
eICU,hospital:253,mimic_standardized,median_exposure,-0.5674360598955628,11
eICU,hospital:253,mimic_standardized,sd_exposure,1.0103004647121234,11
eICU,hospital:254,mimic_standardized,mean_exposure,0.21564513785529163,12
eICU,hospital:254,mimic_standardized,median_exposure,-0.04526088275727651,12
eICU,hospital:254,mimic_standardized,sd_exposure,1.1289510011760606,12
eICU,hospital:256,mimic_standardized,mean_exposure,0.001012731740200829,22
eICU,hospital:256,mimic_standardized,median_exposure,-0.06811442228684389,22
eICU,hospital:256,mimic_standardized,sd_exposure,0.9110665746990393,22
eICU,hospital:258,mimic_standardized,mean_exposure,-0.26168331706317427,9
eICU,hospital:258,mimic_standardized,median_exposure,-0.17044792740720321,9
eICU,hospital:258,mimic_standardized,sd_exposure,0.6694710582615943,9
eICU,hospital:259,mimic_standardized,mean_exposure,0.014161360256003286,6
eICU,hospital:259,mimic_standardized,median_exposure,-0.20196966588577847,6
eICU,hospital:259,mimic_standardized,sd_exposure,0.7573597691977965,6
eICU,hospital:262,mimic_standardized,mean_exposure,-0.009985014668414647,9
eICU,hospital:262,mimic_standardized,median_exposure,-0.25136887772277844,9
eICU,hospital:262,mimic_standardized,sd_exposure,0.7408860269344805,9
eICU,hospital:263,mimic_standardized,mean_exposure,1.884141338198106,1
eICU,hospital:263,mimic_standardized,median_exposure,1.884141338198106,1
eICU,hospital:263,mimic_standardized,sd_exposure,,1
eICU,hospital:264,mimic_standardized,mean_exposure,-0.25219996359316954,102
eICU,hospital:264,mimic_standardized,median_exposure,-0.40099551402598743,102
eICU,hospital:264,mimic_standardized,sd_exposure,0.6758257495030355,102
eICU,hospital:266,mimic_standardized,mean_exposure,-0.774844795234778,3
eICU,hospital:266,mimic_standardized,median_exposure,-0.7802592698213792,3
eICU,hospital:266,mimic_standardized,sd_exposure,0.2946574520307965,3
eICU,hospital:267,mimic_standardized,mean_exposure,-0.2982276161562332,9
eICU,hospital:267,mimic_standardized,median_exposure,-0.5582734307328915,9
eICU,hospital:267,mimic_standardized,sd_exposure,0.6013957255739828,9
eICU,hospital:268,mimic_standardized,mean_exposure,-0.16433701011252846,52
eICU,hospital:268,mimic_standardized,median_exposure,-0.319940014601827,52
eICU,hospital:268,mimic_standardized,sd_exposure,0.7876142050252997,52
eICU,hospital:269,mimic_standardized,mean_exposure,0.33328161210045343,34
eICU,hospital:269,mimic_standardized,median_exposure,-0.09625274683768181,34
eICU,hospital:269,mimic_standardized,sd_exposure,1.3288634097529912,34
eICU,hospital:271,mimic_standardized,mean_exposure,-0.20802792917393811,51
eICU,hospital:271,mimic_standardized,median_exposure,-0.3845544659103011,51
eICU,hospital:271,mimic_standardized,sd_exposure,0.8984357099036502,51
eICU,hospital:272,mimic_standardized,mean_exposure,-0.2748093361899334,55
eICU,hospital:272,mimic_standardized,median_exposure,-0.4937608421384736,55
eICU,hospital:272,mimic_standardized,sd_exposure,0.587613134747018,55
eICU,hospital:275,mimic_standardized,mean_exposure,-0.17650670466158458,26
eICU,hospital:275,mimic_standardized,median_exposure,-0.47479415878086684,26
eICU,hospital:275,mimic_standardized,sd_exposure,0.9621506465872192,26
eICU,hospital:277,mimic_standardized,mean_exposure,-0.3886602977953532,90
eICU,hospital:277,mimic_standardized,median_exposure,-0.6332568916771077,90
eICU,hospital:277,mimic_standardized,sd_exposure,0.9336192281936753,90
eICU,hospital:279,mimic_standardized,mean_exposure,-0.18851356132922406,79
eICU,hospital:279,mimic_standardized,median_exposure,-0.28019036499183697,79
eICU,hospital:279,mimic_standardized,sd_exposure,0.6570512047996218,79
eICU,hospital:280,mimic_standardized,mean_exposure,-0.33204516429362846,59
eICU,hospital:280,mimic_standardized,median_exposure,-0.5300030652770783,59
eICU,hospital:280,mimic_standardized,sd_exposure,0.7242582270404533,59
eICU,hospital:281,mimic_standardized,mean_exposure,-0.2723999084634837,122
eICU,hospital:281,mimic_standardized,median_exposure,-0.5300030652770777,122
eICU,hospital:281,mimic_standardized,sd_exposure,0.8033719965385339,122
eICU,hospital:282,mimic_standardized,mean_exposure,-0.26302224801074253,52
eICU,hospital:282,mimic_standardized,median_exposure,-0.4252216844635681,52
eICU,hospital:282,mimic_standardized,sd_exposure,0.589046345324487,52
eICU,hospital:283,mimic_standardized,mean_exposure,-0.07257330615334825,123
eICU,hospital:283,mimic_standardized,median_exposure,-0.3425340990735817,123
eICU,hospital:283,mimic_standardized,sd_exposure,1.0407364340048075,123
eICU,hospital:300,mimic_standardized,mean_exposure,-0.20415451573227736,74
eICU,hospital:300,mimic_standardized,median_exposure,-0.4009955140259873,74
eICU,hospital:300,mimic_standardized,sd_exposure,0.6177282061533682,74
eICU,hospital:301,mimic_standardized,mean_exposure,-0.18444037383782447,23
eICU,hospital:301,mimic_standardized,median_exposure,-0.3040312973471961,23
eICU,hospital:301,mimic_standardized,sd_exposure,0.6186345335254168,23
eICU,hospital:303,mimic_standardized,mean_exposure,-0.230886513157855,11
eICU,hospital:303,mimic_standardized,median_exposure,-0.40099551402598826,11
eICU,hospital:303,mimic_standardized,sd_exposure,0.7270934878796094,11
eICU,hospital:307,mimic_standardized,mean_exposure,-0.0722418238764598,29
eICU,hospital:307,mimic_standardized,median_exposure,-0.49376084213848176,29
eICU,hospital:307,mimic_standardized,sd_exposure,1.0993732032415502,29
eICU,hospital:310,mimic_standardized,mean_exposure,-0.31942257370319344,35
eICU,hospital:310,mimic_standardized,median_exposure,-0.4590027544626907,35
eICU,hospital:310,mimic_standardized,sd_exposure,0.6003018579825964,35
eICU,hospital:312,mimic_standardized,mean_exposure,-0.47944617787105365,8
eICU,hospital:312,mimic_standardized,median_exposure,-0.48421578696077483,8
eICU,hospital:312,mimic_standardized,sd_exposure,0.4450771323013758,8
eICU,hospital:318,mimic_standardized,mean_exposure,-0.18113904346025883,50
eICU,hospital:318,mimic_standardized,median_exposure,-0.5084629965608757,50
eICU,hospital:318,mimic_standardized,sd_exposure,0.9997123638117706,50
eICU,hospital:323,mimic_standardized,mean_exposure,-0.16661686053161492,3
eICU,hospital:323,mimic_standardized,median_exposure,-0.4235703225609744,3
eICU,hospital:323,mimic_standardized,sd_exposure,0.7304574290257537,3
eICU,hospital:328,mimic_standardized,mean_exposure,-0.4876070713648956,20
eICU,hospital:328,mimic_standardized,median_exposure,-0.5628547453142264,20
eICU,hospital:328,mimic_standardized,sd_exposure,0.3455836706846957,20
eICU,hospital:331,mimic_standardized,mean_exposure,-0.24763097983965296,54
eICU,hospital:331,mimic_standardized,median_exposure,-0.35078720950826214,54
eICU,hospital:331,mimic_standardized,sd_exposure,0.6156310076789536,54
eICU,hospital:336,mimic_standardized,mean_exposure,-0.21473520089517883,35
eICU,hospital:336,mimic_standardized,median_exposure,-0.40099551402598976,35
eICU,hospital:336,mimic_standardized,sd_exposure,0.728608224835288,35
eICU,hospital:337,mimic_standardized,mean_exposure,-0.5679049476770676,14
eICU,hospital:337,mimic_standardized,median_exposure,-0.5674360598955612,14
eICU,hospital:337,mimic_standardized,sd_exposure,0.3628070966081263,14
eICU,hospital:338,mimic_standardized,mean_exposure,-0.21272543252420145,99
eICU,hospital:338,mimic_standardized,median_exposure,-0.4366239608254327,99
eICU,hospital:338,mimic_standardized,sd_exposure,0.7425960636695906,99
eICU,hospital:342,mimic_standardized,mean_exposure,-0.1314469204639338,9
eICU,hospital:342,mimic_standardized,median_exposure,-0.3224129479512061,9
eICU,hospital:342,mimic_standardized,sd_exposure,0.7244324024157219,9
eICU,hospital:345,mimic_standardized,mean_exposure,-0.23265130043223795,47
eICU,hospital:345,mimic_standardized,median_exposure,-0.4982550045092954,47
eICU,hospital:345,mimic_standardized,sd_exposure,0.8690208944506095,47
eICU,hospital:350,mimic_standardized,mean_exposure,-0.5014231614333807,4
eICU,hospital:350,mimic_standardized,median_exposure,-0.825936092212437,4
eICU,hospital:350,mimic_standardized,sd_exposure,0.8175679010818863,4
eICU,hospital:353,mimic_standardized,mean_exposure,0.19366457565424297,52
eICU,hospital:353,mimic_standardized,median_exposure,-0.30403129734719386,52
eICU,hospital:353,mimic_standardized,sd_exposure,1.2059252956905195,52
eICU,hospital:355,mimic_standardized,mean_exposure,0.21312276811470218,6
eICU,hospital:355,mimic_standardized,median_exposure,-0.3132221226491994,6
eICU,hospital:355,mimic_standardized,sd_exposure,1.5540169857692523,6
eICU,hospital:356,mimic_standardized,mean_exposure,-0.6692663502771343,2
eICU,hospital:356,mimic_standardized,median_exposure,-0.6692663502771343,2
eICU,hospital:356,mimic_standardized,sd_exposure,0.15696769214686274,2
eICU,hospital:357,mimic_standardized,mean_exposure,-0.15412908895077473,43
eICU,hospital:357,mimic_standardized,median_exposure,-0.40099551402598826,43
eICU,hospital:357,mimic_standardized,sd_exposure,1.0153264850527461,43
eICU,hospital:358,mimic_standardized,mean_exposure,0.023430599850423405,10
eICU,hospital:358,mimic_standardized,median_exposure,-0.5231651509832774,10
eICU,hospital:358,mimic_standardized,sd_exposure,1.2620422472673012,10
eICU,hospital:360,mimic_standardized,mean_exposure,-0.15036071100320092,18
eICU,hospital:360,mimic_standardized,median_exposure,-0.058951793124170676,18
eICU,hospital:360,mimic_standardized,sd_exposure,0.7169956033354177,18
eICU,hospital:363,mimic_standardized,mean_exposure,-0.16276523495891201,10
eICU,hospital:363,mimic_standardized,median_exposure,-0.3109109912547217,10
eICU,hospital:363,mimic_standardized,sd_exposure,0.6626895997324618,10
eICU,hospital:364,mimic_standardized,mean_exposure,0.025422915375976806,15
eICU,hospital:364,mimic_standardized,median_exposure,-0.40099551402598665,15
eICU,hospital:364,mimic_standardized,sd_exposure,1.2569307458704937,15
eICU,hospital:365,mimic_standardized,mean_exposure,-0.2515425408528977,97
eICU,hospital:365,mimic_standardized,median_exposure,-0.4590027544626907,97
eICU,hospital:365,mimic_standardized,sd_exposure,0.833061922010047,97
eICU,hospital:381,mimic_standardized,mean_exposure,-0.06225564634525156,25
eICU,hospital:381,mimic_standardized,median_exposure,-0.44399419959270453,25
eICU,hospital:381,mimic_standardized,sd_exposure,0.8935639850200855,25
eICU,hospital:382,mimic_standardized,mean_exposure,-0.2737658984747618,116
eICU,hospital:382,mimic_standardized,median_exposure,-0.5628547453142256,116
eICU,hospital:382,mimic_standardized,sd_exposure,0.8855554271217106,116
eICU,hospital:383,mimic_standardized,mean_exposure,-0.6241260796545687,17
eICU,hospital:383,mimic_standardized,median_exposure,-0.7338766057651344,17
eICU,hospital:383,mimic_standardized,sd_exposure,0.4914847467867212,17
eICU,hospital:384,mimic_standardized,mean_exposure,-0.00639940855064506,71
eICU,hospital:384,mimic_standardized,median_exposure,-0.40099551402598976,71
eICU,hospital:384,mimic_standardized,sd_exposure,1.0493563204778666,71
eICU,hospital:386,mimic_standardized,mean_exposure,-0.23033117988147014,48
eICU,hospital:386,mimic_standardized,median_exposure,-0.4224948568093451,48
eICU,hospital:386,mimic_standardized,sd_exposure,0.77415577417252,48
eICU,hospital:387,mimic_standardized,mean_exposure,-0.2446452964998447,39
eICU,hospital:387,mimic_standardized,median_exposure,-0.5582734307328884,39
eICU,hospital:387,mimic_standardized,sd_exposure,0.9915840871912162,39
eICU,hospital:388,mimic_standardized,mean_exposure,-0.24676600435930082,48
eICU,hospital:388,mimic_standardized,median_exposure,-0.6945853227277433,48
eICU,hospital:388,mimic_standardized,sd_exposure,1.022966985164503,48
eICU,hospital:389,mimic_standardized,mean_exposure,-0.2473849205394743,39
eICU,hospital:389,mimic_standardized,median_exposure,-0.5582734307328853,39
eICU,hospital:389,mimic_standardized,sd_exposure,0.912234058213111,39
eICU,hospital:390,mimic_standardized,mean_exposure,-0.25066274214262685,100
eICU,hospital:390,mimic_standardized,median_exposure,-0.5674360598955612,100
eICU,hospital:390,mimic_standardized,sd_exposure,1.234889360826965,100
eICU,hospital:391,mimic_standardized,mean_exposure,-0.24716575070641358,59
eICU,hospital:391,mimic_standardized,median_exposure,-0.551060527675058,59
eICU,hospital:391,mimic_standardized,sd_exposure,1.0025644403330736,59
eICU,hospital:392,mimic_standardized,mean_exposure,0.18388267016168297,37
eICU,hospital:392,mimic_standardized,median_exposure,-0.3349238347678998,37
eICU,hospital:392,mimic_standardized,sd_exposure,1.5171515283344386,37
eICU,hospital:393,mimic_standardized,mean_exposure,-0.36257027448771006,13
eICU,hospital:393,mimic_standardized,median_exposure,-0.4966330249137085,13
eICU,hospital:393,mimic_standardized,sd_exposure,0.7359711120740556,13
eICU,hospital:394,mimic_standardized,mean_exposure,-0.16518276307589055,66
eICU,hospital:394,mimic_standardized,median_exposure,-0.4403090802090673,66
eICU,hospital:394,mimic_standardized,sd_exposure,0.9143350277511231,66
eICU,hospital:396,mimic_standardized,mean_exposure,-0.4388524371022012,53
eICU,hospital:396,mimic_standardized,median_exposure,-0.5882109768063749,53
eICU,hospital:396,mimic_standardized,sd_exposure,0.8234280417524317,53
eICU,hospital:397,mimic_standardized,mean_exposure,-0.18102194377378125,22
eICU,hospital:397,mimic_standardized,median_exposure,-0.3717648065497865,22
eICU,hospital:397,mimic_standardized,sd_exposure,0.5880800593474047,22
eICU,hospital:398,mimic_standardized,mean_exposure,-0.28405792231213933,34
eICU,hospital:398,mimic_standardized,median_exposure,-0.526017136435683,34
eICU,hospital:398,mimic_standardized,sd_exposure,0.5930041743053269,34
eICU,hospital:399,mimic_standardized,mean_exposure,-0.33557035884015596,28
eICU,hospital:399,mimic_standardized,median_exposure,-0.5582734307328868,28
eICU,hospital:399,mimic_standardized,sd_exposure,0.878625117551477,28
eICU,hospital:400,mimic_standardized,mean_exposure,-0.43367264086473734,80
eICU,hospital:400,mimic_standardized,median_exposure,-0.7229595842847965,80
eICU,hospital:400,mimic_standardized,sd_exposure,0.8103552285293718,80
eICU,hospital:402,mimic_standardized,mean_exposure,0.08162047167210978,50
eICU,hospital:402,mimic_standardized,median_exposure,-0.2822554753151838,50
eICU,hospital:402,mimic_standardized,sd_exposure,1.0919813357915258,50
eICU,hospital:403,mimic_standardized,mean_exposure,-0.20956611710618706,58
eICU,hospital:403,mimic_standardized,median_exposure,-0.4009955140259898,58
eICU,hospital:403,mimic_standardized,sd_exposure,0.931951912688427,58
eICU,hospital:404,mimic_standardized,mean_exposure,-0.17915657880798547,32
eICU,hospital:404,mimic_standardized,median_exposure,-0.42999913424433867,32
eICU,hospital:404,mimic_standardized,sd_exposure,0.9803507123327128,32
eICU,hospital:405,mimic_standardized,mean_exposure,-0.34592696629373654,44
eICU,hospital:405,mimic_standardized,median_exposure,-0.5084629965608757,44
eICU,hospital:405,mimic_standardized,sd_exposure,0.7566334732231589,44
eICU,hospital:407,mimic_standardized,mean_exposure,0.024431070638684618,35
eICU,hospital:407,mimic_standardized,median_exposure,-0.28372022872397223,35
eICU,hospital:407,mimic_standardized,sd_exposure,1.0175423718189103,35
eICU,hospital:408,mimic_standardized,mean_exposure,0.1990730406678065,38
eICU,hospital:408,mimic_standardized,median_exposure,-0.21090840256498677,38
eICU,hospital:408,mimic_standardized,sd_exposure,1.2572894199639641,38
eICU,hospital:411,mimic_standardized,mean_exposure,-0.03234758430940314,23
eICU,hospital:411,mimic_standardized,median_exposure,-0.3632304877528807,23
eICU,hospital:411,mimic_standardized,sd_exposure,0.8876341405166528,23
eICU,hospital:412,mimic_standardized,mean_exposure,-0.6370100559798979,2
eICU,hospital:412,mimic_standardized,median_exposure,-0.6370100559798979,2
eICU,hospital:412,mimic_standardized,sd_exposure,0.6077549430415525,2
eICU,hospital:413,mimic_standardized,mean_exposure,-0.327940916873219,25
eICU,hospital:413,mimic_standardized,median_exposure,-0.4235703225609705,25
eICU,hospital:413,mimic_standardized,sd_exposure,0.5779065142603169,25
eICU,hospital:414,mimic_standardized,mean_exposure,0.5976477611914502,1
eICU,hospital:414,mimic_standardized,median_exposure,0.5976477611914502,1
eICU,hospital:414,mimic_standardized,sd_exposure,,1
eICU,hospital:416,mimic_standardized,mean_exposure,-0.22899201853762136,110
eICU,hospital:416,mimic_standardized,median_exposure,-0.4590027544626907,110
eICU,hospital:416,mimic_standardized,sd_exposure,1.0038679485000435,110
eICU,hospital:417,mimic_standardized,mean_exposure,-0.17408734397878878,107
eICU,hospital:417,mimic_standardized,median_exposure,-0.49663302491370703,107
eICU,hospital:417,mimic_standardized,sd_exposure,0.9656617290145671,107
eICU,hospital:419,mimic_standardized,mean_exposure,0.2312964666368077,33
eICU,hospital:419,mimic_standardized,median_exposure,-0.15715338871230514,33
eICU,hospital:419,mimic_standardized,sd_exposure,1.285099136145062,33
eICU,hospital:420,mimic_standardized,mean_exposure,-0.011401010788273986,297
eICU,hospital:420,mimic_standardized,median_exposure,-0.3425340990735781,297
eICU,hospital:420,mimic_standardized,sd_exposure,1.008967944806231,297
eICU,hospital:421,mimic_standardized,mean_exposure,0.20349220809239973,30
eICU,hospital:421,mimic_standardized,median_exposure,-0.5582734307328853,30
eICU,hospital:421,mimic_standardized,sd_exposure,1.5196103302282635,30
eICU,hospital:422,mimic_standardized,mean_exposure,-0.20207809942832503,46
eICU,hospital:422,mimic_standardized,median_exposure,-0.43613870594390386,46
eICU,hospital:422,mimic_standardized,sd_exposure,0.7478336669703107,46
eICU,hospital:423,mimic_standardized,mean_exposure,-0.15638844940675928,5
eICU,hospital:423,mimic_standardized,median_exposure,-0.3040312973471954,5
eICU,hospital:423,mimic_standardized,sd_exposure,0.7512078885715012,5
eICU,hospital:424,mimic_standardized,mean_exposure,0.03232159809377921,41
eICU,hospital:424,mimic_standardized,median_exposure,-0.246851453571168,41
eICU,hospital:424,mimic_standardized,sd_exposure,0.8570718332240878,41
eICU,hospital:425,mimic_standardized,mean_exposure,-0.16910563679239707,17
eICU,hospital:425,mimic_standardized,median_exposure,-0.5582734307328884,17
eICU,hospital:425,mimic_standardized,sd_exposure,0.968174934609108,17
eICU,hospital:428,mimic_standardized,mean_exposure,0.013681746573112972,7
eICU,hospital:428,mimic_standardized,median_exposure,-0.37916147106531334,7
eICU,hospital:428,mimic_standardized,sd_exposure,1.1840076014646126,7
eICU,hospital:429,mimic_standardized,mean_exposure,0.07182727648748768,16
eICU,hospital:429,mimic_standardized,median_exposure,-0.10966425610846384,16
eICU,hospital:429,mimic_standardized,sd_exposure,0.9407357546638548,16
eICU,hospital:433,mimic_standardized,mean_exposure,1.0979586645159356,4
eICU,hospital:433,mimic_standardized,median_exposure,0.6492425049074425,4
eICU,hospital:433,mimic_standardized,sd_exposure,2.296330341846527,4
eICU,hospital:434,mimic_standardized,mean_exposure,-0.30314265032239673,48
eICU,hospital:434,mimic_standardized,median_exposure,-0.37916147106531894,48
eICU,hospital:434,mimic_standardized,sd_exposure,0.5868476544551128,48
eICU,hospital:435,mimic_standardized,mean_exposure,-0.10761390832925073,53
eICU,hospital:435,mimic_standardized,median_exposure,-0.3791614710653147,53
eICU,hospital:435,mimic_standardized,sd_exposure,0.9969505929377924,53
eICU,hospital:436,mimic_standardized,mean_exposure,-0.34866109571329273,32
eICU,hospital:436,mimic_standardized,median_exposure,-0.44115521025882565,32
eICU,hospital:436,mimic_standardized,sd_exposure,0.5174212445115565,32
eICU,hospital:437,mimic_standardized,mean_exposure,0.11227604459653394,3
eICU,hospital:437,mimic_standardized,median_exposure,-0.09815570503762448,3
eICU,hospital:437,mimic_standardized,sd_exposure,0.5651480101125704,3
eICU,hospital:438,mimic_standardized,mean_exposure,0.7130202175770498,3
eICU,hospital:438,mimic_standardized,median_exposure,0.16084711220821954,3
eICU,hospital:438,mimic_standardized,sd_exposure,1.242007933054399,3
eICU,hospital:439,mimic_standardized,mean_exposure,-0.06984908464545578,8
eICU,hospital:439,mimic_standardized,median_exposure,-0.12082921016371656,8
eICU,hospital:439,mimic_standardized,sd_exposure,0.6782404812905358,8
eICU,hospital:440,mimic_standardized,mean_exposure,0.0009261280373554792,52
eICU,hospital:440,mimic_standardized,median_exposure,-0.1719959627238946,52
eICU,hospital:440,mimic_standardized,sd_exposure,0.8968804766184563,52
eICU,hospital:443,mimic_standardized,mean_exposure,-0.3013404008277157,57
eICU,hospital:443,mimic_standardized,median_exposure,-0.6059046941451784,57
eICU,hospital:443,mimic_standardized,sd_exposure,1.06781384149864,57
eICU,hospital:444,mimic_standardized,mean_exposure,-0.22530029356245176,60
eICU,hospital:444,mimic_standardized,median_exposure,-0.31947082805839433,60
eICU,hospital:444,mimic_standardized,sd_exposure,0.653867515689495,60
eICU,hospital:445,mimic_standardized,mean_exposure,-0.6252857456766959,9
eICU,hospital:445,mimic_standardized,median_exposure,-0.7949614242437751,9
eICU,hospital:445,mimic_standardized,sd_exposure,0.5443706958065742,9
eICU,hospital:447,mimic_standardized,mean_exposure,1.2775245800992168,3
eICU,hospital:447,mimic_standardized,median_exposure,0.40634300030967857,3
eICU,hospital:447,mimic_standardized,sd_exposure,2.560661582121499,3
eICU,hospital:449,mimic_standardized,mean_exposure,0.17328910521105265,27
eICU,hospital:449,mimic_standardized,median_exposure,-0.0010182041552632812,27
eICU,hospital:449,mimic_standardized,sd_exposure,1.0677454969511215,27
eICU,hospital:452,mimic_standardized,mean_exposure,0.23565445571119992,31
eICU,hospital:452,mimic_standardized,median_exposure,0.016172251644309823,31
eICU,hospital:452,mimic_standardized,sd_exposure,1.1207582550349378,31
eICU,hospital:458,mimic_standardized,mean_exposure,-0.36891660929957815,176
eICU,hospital:458,mimic_standardized,median_exposure,-0.5674360598955612,176
eICU,hospital:458,mimic_standardized,sd_exposure,0.8241560524029535,176
eICU,hospital:459,mimic_standardized,mean_exposure,-0.33786808258968326,31
eICU,hospital:459,mimic_standardized,median_exposure,-0.5231651509832813,31
eICU,hospital:459,mimic_standardized,sd_exposure,0.7641810090595694,31
eICU,hospital:56,mimic_standardized,mean_exposure,0.3955020508855253,14
eICU,hospital:56,mimic_standardized,median_exposure,0.6638918159426439,14
eICU,hospital:56,mimic_standardized,sd_exposure,1.1353942668129227,14
eICU,hospital:58,mimic_standardized,mean_exposure,0.6052611818008647,10
eICU,hospital:58,mimic_standardized,median_exposure,0.27350420539899517,10
eICU,hospital:58,mimic_standardized,sd_exposure,1.562692993844866,10
eICU,hospital:59,mimic_standardized,mean_exposure,-0.08720395509783065,29
eICU,hospital:59,mimic_standardized,median_exposure,-0.5231651509832737,29
eICU,hospital:59,mimic_standardized,sd_exposure,0.9942579133553561,29
eICU,hospital:60,mimic_standardized,mean_exposure,-0.23467348480793854,16
eICU,hospital:60,mimic_standardized,median_exposure,-0.40099551402598976,16
eICU,hospital:60,mimic_standardized,sd_exposure,0.6042715228867764,16
eICU,hospital:61,mimic_standardized,mean_exposure,-0.17455726168850577,8
eICU,hospital:61,mimic_standardized,median_exposure,-0.1860728598170162,8
eICU,hospital:61,mimic_standardized,sd_exposure,0.42754307291427457,8
eICU,hospital:63,mimic_standardized,mean_exposure,-0.36377638212526137,52
eICU,hospital:63,mimic_standardized,median_exposure,-0.5628547453142225,52
eICU,hospital:63,mimic_standardized,sd_exposure,0.6247714248535345,52
eICU,hospital:66,mimic_standardized,mean_exposure,-0.2652359488391997,52
eICU,hospital:66,mimic_standardized,median_exposure,-0.5407192908580833,52
eICU,hospital:66,mimic_standardized,sd_exposure,0.7059801096404439,52
eICU,hospital:67,mimic_standardized,mean_exposure,-0.22115098372782283,12
eICU,hospital:67,mimic_standardized,median_exposure,-0.4025907443279815,12
eICU,hospital:67,mimic_standardized,sd_exposure,0.7847373034795692,12
eICU,hospital:68,mimic_standardized,mean_exposure,0.05554512132675134,16
eICU,hospital:68,mimic_standardized,median_exposure,-0.2892074826542995,16
eICU,hospital:68,mimic_standardized,sd_exposure,1.2209047682649834,16
eICU,hospital:69,mimic_standardized,mean_exposure,-0.3467450980989274,17
eICU,hospital:69,mimic_standardized,median_exposure,-0.40099551402598976,17
eICU,hospital:69,mimic_standardized,sd_exposure,0.601165111012766,17
eICU,hospital:71,mimic_standardized,mean_exposure,-0.23606103638194056,48
eICU,hospital:71,mimic_standardized,median_exposure,-0.4590027544626907,48
eICU,hospital:71,mimic_standardized,sd_exposure,0.9371809013798758,48
eICU,hospital:73,mimic_standardized,mean_exposure,-0.27254033893845453,336
eICU,hospital:73,mimic_standardized,median_exposure,-0.5582734307328899,336
eICU,hospital:73,mimic_standardized,sd_exposure,0.8903384537593722,336
eICU,hospital:79,mimic_standardized,mean_exposure,-0.2968342060758652,56
eICU,hospital:79,mimic_standardized,median_exposure,-0.303426438600607,56
eICU,hospital:79,mimic_standardized,sd_exposure,0.4530462650905359,56
eICU,hospital:83,mimic_standardized,mean_exposure,-0.6222201046171871,5
eICU,hospital:83,mimic_standardized,median_exposure,-0.7338766057651328,5
eICU,hospital:83,mimic_standardized,sd_exposure,0.33974014717403117,5
eICU,hospital:84,mimic_standardized,mean_exposure,-0.4124164280438515,5
eICU,hospital:84,mimic_standardized,median_exposure,-0.4590027544626907,5
eICU,hospital:84,mimic_standardized,sd_exposure,0.31206982539926736,5
eICU,hospital:85,mimic_standardized,mean_exposure,1.1239236337333758,3
eICU,hospital:85,mimic_standardized,median_exposure,0.36573444091023066,3
eICU,hospital:85,mimic_standardized,sd_exposure,1.9399322475413638,3
eICU,hospital:86,mimic_standardized,mean_exposure,-0.780259269821375,1
eICU,hospital:86,mimic_standardized,median_exposure,-0.780259269821375,1
eICU,hospital:86,mimic_standardized,sd_exposure,,1
eICU,hospital:90,mimic_standardized,mean_exposure,-0.5674360598955612,1
eICU,hospital:90,mimic_standardized,median_exposure,-0.5674360598955612,1
eICU,hospital:90,mimic_standardized,sd_exposure,,1
eICU,hospital:91,mimic_standardized,mean_exposure,-1.066757697504256,1
eICU,hospital:91,mimic_standardized,median_exposure,-1.066757697504256,1
eICU,hospital:91,mimic_standardized,sd_exposure,,1
eICU,hospital:92,mimic_standardized,mean_exposure,-0.036039506251016006,45
eICU,hospital:92,mimic_standardized,median_exposure,-0.40099551402598665,45
eICU,hospital:92,mimic_standardized,sd_exposure,1.0738089381087952,45
eICU,hospital:93,mimic_standardized,mean_exposure,-0.3224129479512061,1
eICU,hospital:93,mimic_standardized,median_exposure,-0.3224129479512061,1
eICU,hospital:93,mimic_standardized,sd_exposure,,1
eICU,hospital:94,mimic_standardized,mean_exposure,-0.6370100559799242,1
eICU,hospital:94,mimic_standardized,median_exposure,-0.6370100559799242,1
eICU,hospital:94,mimic_standardized,sd_exposure,,1
eICU,hospital:95,mimic_standardized,mean_exposure,-0.1362299017416675,23
eICU,hospital:95,mimic_standardized,median_exposure,-0.5231651509832813,23
eICU,hospital:95,mimic_standardized,sd_exposure,1.2956959100105891,23
