dataset,metric,statistic,value,n,unit
MIMIC,raw_observations_per_stay,mean,4.574548560273304,8196,count
MIMIC,raw_observations_per_stay,sd,2.8360403375484937,8196,count
MIMIC,raw_observations_per_stay,p1,0.0,8196,count
MIMIC,raw_observations_per_stay,p5,1.0,8196,count
MIMIC,raw_observations_per_stay,p25,3.0,8196,count
MIMIC,raw_observations_per_stay,median,4.0,8196,count
MIMIC,raw_observations_per_stay,p75,5.0,8196,count
MIMIC,raw_observations_per_stay,p95,9.0,8196,count
MIMIC,raw_observations_per_stay,p99,14.0,8196,count
MIMIC,raw_observations_per_stay,iqr,2.0,8196,count
MIMIC,observations_per_hour_per_stay,mean,1.143637140068326,8196,count_per_hour
MIMIC,observations_per_hour_per_stay,sd,0.7090100843871234,8196,count_per_hour
MIMIC,observations_per_hour_per_stay,p1,0.0,8196,count_per_hour
MIMIC,observations_per_hour_per_stay,p5,0.25,8196,count_per_hour
MIMIC,observations_per_hour_per_stay,p25,0.75,8196,count_per_hour
MIMIC,observations_per_hour_per_stay,median,1.0,8196,count_per_hour
MIMIC,observations_per_hour_per_stay,p75,1.25,8196,count_per_hour
MIMIC,observations_per_hour_per_stay,p95,2.25,8196,count_per_hour
MIMIC,observations_per_hour_per_stay,p99,3.5,8196,count_per_hour
MIMIC,observations_per_hour_per_stay,iqr,0.5,8196,count_per_hour
MIMIC,time_between_observations_minutes,mean,36.65813466603633,29614,minutes
MIMIC,time_between_observations_minutes,sd,24.23453294646045,29614,minutes
MIMIC,time_between_observations_minutes,p1,1.0,29614,minutes
MIMIC,time_between_observations_minutes,p5,2.0,29614,minutes
MIMIC,time_between_observations_minutes,p25,15.0,29614,minutes
MIMIC,time_between_observations_minutes,median,38.0,29614,minutes
MIMIC,time_between_observations_minutes,p75,60.0,29614,minutes
MIMIC,time_between_observations_minutes,p95,60.00000000000001,29614,minutes
MIMIC,time_between_observations_minutes,p99,78.0,29614,minutes
MIMIC,time_between_observations_minutes,iqr,45.0,29614,minutes
MIMIC,within_hour_observations,mean,1.5438748198476426,24285,count
MIMIC,within_hour_observations,sd,1.184320412553283,24285,count
MIMIC,within_hour_observations,p1,1.0,24285,count
MIMIC,within_hour_observations,p5,1.0,24285,count
MIMIC,within_hour_observations,p25,1.0,24285,count
MIMIC,within_hour_observations,median,1.0,24285,count
MIMIC,within_hour_observations,p75,2.0,24285,count
MIMIC,within_hour_observations,p95,4.0,24285,count
MIMIC,within_hour_observations,p99,5.0,24285,count
MIMIC,within_hour_observations,iqr,1.0,24285,count
MIMIC,observation_span_minutes,mean,132.45412396290874,8196,minutes
MIMIC,observation_span_minutes,sd,62.47068199685379,8196,minutes
MIMIC,observation_span_minutes,p1,0.0,8196,minutes
MIMIC,observation_span_minutes,p5,0.0,8196,minutes
MIMIC,observation_span_minutes,p25,96.0,8196,minutes
MIMIC,observation_span_minutes,median,149.0,8196,minutes
MIMIC,observation_span_minutes,p75,180.0,8196,minutes
MIMIC,observation_span_minutes,p95,211.0,8196,minutes
MIMIC,observation_span_minutes,p99,225.0,8196,minutes
MIMIC,observation_span_minutes,iqr,84.0,8196,minutes
MIMIC,unique_spo2_values_per_stay,mean,2.886041971693509,8196,count
MIMIC,unique_spo2_values_per_stay,sd,1.400409687038828,8196,count
MIMIC,unique_spo2_values_per_stay,p1,0.0,8196,count
MIMIC,unique_spo2_values_per_stay,p5,1.0,8196,count
MIMIC,unique_spo2_values_per_stay,p25,2.0,8196,count
MIMIC,unique_spo2_values_per_stay,median,3.0,8196,count
MIMIC,unique_spo2_values_per_stay,p75,4.0,8196,count
MIMIC,unique_spo2_values_per_stay,p95,5.0,8196,count
MIMIC,unique_spo2_values_per_stay,p99,7.0,8196,count
MIMIC,unique_spo2_values_per_stay,iqr,2.0,8196,count
MIMIC,maximum_identical_run_per_stay,mean,1.9339921913128355,8196,count
MIMIC,maximum_identical_run_per_stay,sd,1.4259538165411518,8196,count
MIMIC,maximum_identical_run_per_stay,p1,0.0,8196,count
MIMIC,maximum_identical_run_per_stay,p5,1.0,8196,count
MIMIC,maximum_identical_run_per_stay,p25,1.0,8196,count
MIMIC,maximum_identical_run_per_stay,median,2.0,8196,count
MIMIC,maximum_identical_run_per_stay,p75,2.0,8196,count
MIMIC,maximum_identical_run_per_stay,p95,4.0,8196,count
MIMIC,maximum_identical_run_per_stay,p99,7.0,8196,count
MIMIC,maximum_identical_run_per_stay,iqr,1.0,8196,count
MIMIC,stays_with_gap_over_60_minutes,fraction,0.19716935090287946,8196,fraction
MIMIC,stays_with_gap_over_120_minutes,fraction,0.005124450951683748,8196,fraction
MIMIC,stays_with_exactly_3_valid_bins,fraction,0.3408979990239141,8196,fraction
MIMIC,stays_with_exactly_4_valid_bins,fraction,0.3857979502196193,8196,fraction
MIMIC,stays_with_exactly_5_valid_bins,fraction,0.00012201073694485115,8196,fraction
MIMIC,raw_observations_integer_valued,fraction,1.0,8196,fraction
MIMIC,integer_observations_terminal_0_or_5,fraction,0.32550076014189316,8196,fraction
MIMIC,consecutive_observations_identical,fraction,0.24625930173632413,8196,fraction
MIMIC,raw_observations_equal_100,fraction,0.20947910276584963,8196,fraction
MIMIC,valid_bin_distribution,0,317.0,8196,stays
MIMIC,valid_bin_distribution,1,594.0,8196,stays
MIMIC,valid_bin_distribution,2,1328.0,8196,stays
MIMIC,valid_bin_distribution,3,2794.0,8196,stays
MIMIC,valid_bin_distribution,4,3162.0,8196,stays
MIMIC,valid_bin_distribution,5,1.0,8196,stays
eICU,raw_observations_per_stay,mean,40.930458652636396,8743,count
eICU,raw_observations_per_stay,sd,12.167657749138572,8743,count
eICU,raw_observations_per_stay,p1,0.0,8743,count
eICU,raw_observations_per_stay,p5,4.0,8743,count
eICU,raw_observations_per_stay,p25,41.0,8743,count
eICU,raw_observations_per_stay,median,46.0,8743,count
eICU,raw_observations_per_stay,p75,47.0,8743,count
eICU,raw_observations_per_stay,p95,49.0,8743,count
eICU,raw_observations_per_stay,p99,49.0,8743,count
eICU,raw_observations_per_stay,iqr,6.0,8743,count
eICU,observations_per_hour_per_stay,mean,10.232614663159099,8743,count_per_hour
eICU,observations_per_hour_per_stay,sd,3.041914437284643,8743,count_per_hour
eICU,observations_per_hour_per_stay,p1,0.0,8743,count_per_hour
eICU,observations_per_hour_per_stay,p5,1.0,8743,count_per_hour
eICU,observations_per_hour_per_stay,p25,10.25,8743,count_per_hour
eICU,observations_per_hour_per_stay,median,11.5,8743,count_per_hour
eICU,observations_per_hour_per_stay,p75,11.75,8743,count_per_hour
eICU,observations_per_hour_per_stay,p95,12.25,8743,count_per_hour
eICU,observations_per_hour_per_stay,p99,12.25,8743,count_per_hour
eICU,observations_per_hour_per_stay,iqr,1.5,8743,count_per_hour
eICU,time_between_observations_minutes,mean,5.182254930855006,349483,minutes
eICU,time_between_observations_minutes,sd,3.0267628444659644,349483,minutes
eICU,time_between_observations_minutes,p1,5.0,349483,minutes
eICU,time_between_observations_minutes,p5,5.0,349483,minutes
eICU,time_between_observations_minutes,p25,5.0,349483,minutes
eICU,time_between_observations_minutes,median,5.0,349483,minutes
eICU,time_between_observations_minutes,p75,5.0,349483,minutes
eICU,time_between_observations_minutes,p95,5.0,349483,minutes
eICU,time_between_observations_minutes,p99,5.0,349483,minutes
eICU,time_between_observations_minutes,iqr,0.0,349483,minutes
eICU,within_hour_observations,mean,10.391584632807735,34437,count
eICU,within_hour_observations,sd,3.2177622201178675,34437,count
eICU,within_hour_observations,p1,1.0,34437,count
eICU,within_hour_observations,p5,1.0,34437,count
eICU,within_hour_observations,p25,11.0,34437,count
eICU,within_hour_observations,median,12.0,34437,count
eICU,within_hour_observations,p75,12.0,34437,count
eICU,within_hour_observations,p95,12.0,34437,count
eICU,within_hour_observations,p99,12.0,34437,count
eICU,within_hour_observations,iqr,1.0,34437,count
eICU,observation_span_minutes,mean,207.14971977582064,8743,minutes
eICU,observation_span_minutes,sd,57.17187258275653,8743,minutes
eICU,observation_span_minutes,p1,0.0,8743,minutes
eICU,observation_span_minutes,p5,25.0,8743,minutes
eICU,observation_span_minutes,p25,215.0,8743,minutes
eICU,observation_span_minutes,median,230.0,8743,minutes
eICU,observation_span_minutes,p75,235.0,8743,minutes
eICU,observation_span_minutes,p95,240.0,8743,minutes
eICU,observation_span_minutes,p99,240.0,8743,minutes
eICU,observation_span_minutes,iqr,20.0,8743,minutes
eICU,unique_spo2_values_per_stay,mean,6.156010522703878,8743,count
eICU,unique_spo2_values_per_stay,sd,3.5487358929559707,8743,count
eICU,unique_spo2_values_per_stay,p1,0.0,8743,count
eICU,unique_spo2_values_per_stay,p5,1.0,8743,count
eICU,unique_spo2_values_per_stay,p25,4.0,8743,count
eICU,unique_spo2_values_per_stay,median,6.0,8743,count
eICU,unique_spo2_values_per_stay,p75,8.0,8743,count
eICU,unique_spo2_values_per_stay,p95,12.0,8743,count
eICU,unique_spo2_values_per_stay,p99,16.0,8743,count
eICU,unique_spo2_values_per_stay,iqr,4.0,8743,count
eICU,maximum_identical_run_per_stay,mean,10.589843303214,8743,count
eICU,maximum_identical_run_per_stay,sd,10.411235331304033,8743,count
eICU,maximum_identical_run_per_stay,p1,0.0,8743,count
eICU,maximum_identical_run_per_stay,p5,1.0,8743,count
eICU,maximum_identical_run_per_stay,p25,4.0,8743,count
eICU,maximum_identical_run_per_stay,median,7.0,8743,count
eICU,maximum_identical_run_per_stay,p75,12.0,8743,count
eICU,maximum_identical_run_per_stay,p95,37.0,8743,count
eICU,maximum_identical_run_per_stay,p99,47.0,8743,count
eICU,maximum_identical_run_per_stay,iqr,8.0,8743,count
eICU,stays_with_gap_over_60_minutes,fraction,0.027107400205878988,8743,fraction
eICU,stays_with_gap_over_120_minutes,fraction,0.004803843074459567,8743,fraction
eICU,stays_with_exactly_3_valid_bins,fraction,0.05593045865263639,8743,fraction
eICU,stays_with_exactly_4_valid_bins,fraction,0.6167219489877617,8743,fraction
eICU,stays_with_exactly_5_valid_bins,fraction,0.2493423310076633,8743,fraction
eICU,raw_observations_integer_valued,fraction,1.0,8743,fraction
eICU,integer_observations_terminal_0_or_5,fraction,0.3345964147489905,8743,fraction
eICU,consecutive_observations_identical,fraction,0.53845272526582,8743,fraction
eICU,raw_observations_equal_100,fraction,0.23522096938704223,8743,fraction
eICU,valid_bin_distribution,0,371.0,8743,stays
eICU,valid_bin_distribution,1,120.0,8743,stays
eICU,valid_bin_distribution,2,191.0,8743,stays
eICU,valid_bin_distribution,3,489.0,8743,stays
eICU,valid_bin_distribution,4,5392.0,8743,stays
eICU,valid_bin_distribution,5,2180.0,8743,stays
