dataset,section,component,count,denominator,fraction
MIMIC,risk_set,at_risk,8196,8196,1.0
MIMIC,endpoint,constructed_pressure_support_plus_hypoperfusion,238,8196,0.029038555392874574
MIMIC,domain,any_pressure_or_support,1722,8196,0.21010248901903367
MIMIC,domain,any_hypoperfusion,737,8196,0.08992191312835529
MIMIC,pressure_component,continuous_support,241,8196,0.029404587603709127
MIMIC,pressure_component,mcs,16,8196,0.0019521717911176184
MIMIC,pressure_component,sustained_hypotension,1566,8196,0.1910688140556369
MIMIC,hypoperfusion_component,alt,2,8196,0.0002440214738897023
MIMIC,hypoperfusion_component,creatinine,232,8196,0.028306490971205467
MIMIC,hypoperfusion_component,lactate,151,8196,0.018423621278672524
MIMIC,hypoperfusion_component,oliguria,386,8196,0.047096144460712544
MIMIC,hypoperfusion_component,ph,32,8196,0.003904343582235237
MIMIC,endpoint_completing_pressure,sustained_hypotension,161,238,0.6764705882352942
MIMIC,endpoint_completing_pressure,continuous_support,76,238,0.31932773109243695
MIMIC,endpoint_completing_pressure,mcs,1,238,0.004201680672268907
MIMIC,endpoint_completing_hypoperfusion,oliguria,121,238,0.5084033613445378
MIMIC,endpoint_completing_hypoperfusion,lactate,54,238,0.226890756302521
MIMIC,endpoint_completing_hypoperfusion,creatinine,51,238,0.21428571428571427
MIMIC,endpoint_completing_hypoperfusion,ph,11,238,0.046218487394957986
MIMIC,endpoint_completing_hypoperfusion,alt,1,238,0.004201680672268907
MIMIC,endpoint_component_overlap,continuous_support|alt,1,238,0.004201680672268907
MIMIC,endpoint_component_overlap,continuous_support|creatinine,6,238,0.025210084033613446
MIMIC,endpoint_component_overlap,continuous_support|lactate,35,238,0.14705882352941177
MIMIC,endpoint_component_overlap,continuous_support|oliguria,27,238,0.1134453781512605
MIMIC,endpoint_component_overlap,continuous_support|ph,7,238,0.029411764705882353
MIMIC,endpoint_component_overlap,mcs|lactate,1,238,0.004201680672268907
MIMIC,endpoint_component_overlap,sustained_hypotension|creatinine,45,238,0.18907563025210083
MIMIC,endpoint_component_overlap,sustained_hypotension|lactate,18,238,0.07563025210084033
MIMIC,endpoint_component_overlap,sustained_hypotension|oliguria,94,238,0.3949579831932773
MIMIC,endpoint_component_overlap,sustained_hypotension|ph,4,238,0.01680672268907563
eICU,risk_set,at_risk,8743,8743,1.0
eICU,endpoint,constructed_pressure_support_plus_hypoperfusion,95,8743,0.010865835525563307
eICU,domain,any_pressure_or_support,1499,8743,0.17145144687178315
eICU,domain,any_hypoperfusion,323,8743,0.03694384078691525
eICU,pressure_component,continuous_support,173,8743,0.019787258378131077
eICU,pressure_component,mcs,1,8743,0.00011437721605856113
eICU,pressure_component,sustained_hypotension,1392,8743,0.1592130847535171
eICU,hypoperfusion_component,alt,7,8743,0.0008006405124099279
eICU,hypoperfusion_component,creatinine,114,8743,0.013039002630675969
eICU,hypoperfusion_component,lactate,112,8743,0.012810248198558846
eICU,hypoperfusion_component,oliguria,109,8743,0.012467116550383163
eICU,hypoperfusion_component,ph,11,8743,0.0012581493766441725
eICU,endpoint_completing_pressure,sustained_hypotension,76,95,0.8
eICU,endpoint_completing_pressure,continuous_support,19,95,0.2
eICU,endpoint_completing_hypoperfusion,oliguria,31,95,0.3263157894736842
eICU,endpoint_completing_hypoperfusion,lactate,30,95,0.3157894736842105
eICU,endpoint_completing_hypoperfusion,creatinine,28,95,0.29473684210526313
eICU,endpoint_completing_hypoperfusion,ph,5,95,0.05263157894736842
eICU,endpoint_completing_hypoperfusion,alt,1,95,0.010526315789473684
eICU,endpoint_component_overlap,continuous_support|alt,1,95,0.010526315789473684
eICU,endpoint_component_overlap,continuous_support|creatinine,3,95,0.031578947368421054
eICU,endpoint_component_overlap,continuous_support|lactate,9,95,0.09473684210526316
eICU,endpoint_component_overlap,continuous_support|oliguria,5,95,0.05263157894736842
eICU,endpoint_component_overlap,continuous_support|ph,1,95,0.010526315789473684
eICU,endpoint_component_overlap,sustained_hypotension|creatinine,25,95,0.2631578947368421
eICU,endpoint_component_overlap,sustained_hypotension|lactate,21,95,0.22105263157894736
eICU,endpoint_component_overlap,sustained_hypotension|oliguria,26,95,0.2736842105263158
eICU,endpoint_component_overlap,sustained_hypotension|ph,4,95,0.042105263157894736
